date,Site,Plot,Control.Exclusion,per.juncus,per.scirp,per.bare,per.cyno,per.dom,per.inf
12/17/15,Broughton,1,Exclusion,100,0,0,0,100,0
12/17/15,Broughton,1,Control,70,30,0,0,70,31
12/17/15,Broughton,2,Exclusion,85,15,0,0,85,15
12/17/15,Broughton,2,Control,40,40,20,0,40,45
12/17/15,Broughton,3,Exclusion,90,5,5,0,90,5
12/17/15,Broughton,3,Control,42,55,3,0,42,55
12/17/15,Broughton,4,Exclusion,95,5,0,0,95,5.1
12/17/15,Broughton,4,Control,47,50,0,1,47,54
12/17/15,Broughton,5,Exclusion,97,3,0,0,97,3
12/17/15,Broughton,5,Control,70,25,5,0,70,25
12/17/15,Broughton,6,Exclusion,100,0.1,0,0,100,0.1
12/17/15,Broughton,6,Control,69,5,25,0,69,6
12/17/15,Broughton,7,Exclusion,95,5,0,0,95,5
12/17/15,Broughton,7,Control,60,15,25,0,60,15
12/17/15,Broughton,8,Exclusion,100,0,0,0,100,0
12/17/15,Broughton,8,Control,0,85,15,0,0,85.1
12/18/15,Cathead,1,Exclusion,0,0,75,25,25,0.1
12/18/15,Cathead,1,Control,0,0,88,10,10,2
12/18/15,Cathead,2,Exclusion,0,28,0,70,70,30
12/18/15,Cathead,2,Control,0,20,57,20,20,23
12/18/15,Cathead,3,Exclusion,0,30,30,40,40,30
12/18/15,Cathead,3,Control,0,46,51,3,3,46
12/18/15,Cathead,4,Exclusion,0,0,30,70,70,1
12/18/15,Cathead,4,Control,0,65,20,0,0,82
12/18/15,Cathead,5,Exclusion,0,0,15,65,65,30
12/18/15,Cathead,5,Control,0,50,40,0,0,60
12/18/15,Cathead,6,Exclusion,0,30,0,70,70,31
12/18/15,Cathead,6,Control,0,30,50,5,5,45
12/18/15,Cathead,7,Exclusion,0,30,0,70,70,30
12/18/15,Cathead,7,Control,0,60,20,15,15,70
12/18/15,Cathead,8,Exclusion,0,0,10,70,70,28
12/18/15,Cathead,8,Control,0,50,0,30,30,71
12/17/15,LSSI,1,Exclusion,0,0,10,90,90,0
12/17/15,LSSI,1,Control,0,45,45,10,10,46
12/17/15,LSSI,2,Exclusion,0,10,0,90,90,10
12/17/15,LSSI,2,Control,0,65,20,0,0,80
12/17/15,LSSI,3,Exclusion,0,5,5,90,90,5
12/17/15,LSSI,3,Control,0,65,3,0,0,97
12/17/15,LSSI,4,Exclusion,0,5,0,95,95,5.1
12/17/15,LSSI,4,Control,0,50,0,1,1,53
2/14/13,Broughton,1,Exclusion,100,0,0,0,100,0
2/14/13,Broughton,1,Control,100,0,0,0,100,0
2/14/13,Broughton,2,Exclusion,100,0,0,0,100,0
2/14/13,Broughton,2,Control,100,0,0,0,100,0
2/14/13,Broughton,3,Exclusion,100,0,0,0,100,0
2/14/13,Broughton,3,Control,100,0,0,0,100,0
2/14/13,Broughton,4,Exclusion,100,0,0,0,100,0
2/14/13,Broughton,4,Control,100,0,0,0,100,0
2/14/13,Broughton,5,Exclusion,100,0,0,0,100,0
2/14/13,Broughton,5,Control,100,0,0,0,100,0
2/14/13,Broughton,6,Exclusion,100,0,0,0,100,0
2/14/13,Broughton,6,Control,100,0,0,0,100,0
2/14/13,Broughton,7,Exclusion,100,0,0,0,100,0
2/14/13,Broughton,7,Control,100,0,0,0,100,0
2/14/13,Broughton,8,Exclusion,100,0,0,0,100,0
2/14/13,Broughton,8,Control,100,0,0,0,100,0
2/14/13,Cathead,1,Exclusion,0,0,0,100,100,0
2/14/13,Cathead,1,Control,0,0,0,100,100,0
2/14/13,Cathead,2,Exclusion,0,0,0,100,100,0
2/14/13,Cathead,2,Control,0,0,0,100,100,0
2/14/13,Cathead,3,Exclusion,0,0,0,100,100,0
2/14/13,Cathead,3,Control,0,0,0,100,100,0
2/14/13,Cathead,4,Exclusion,0,0,0,100,100,0
2/14/13,Cathead,4,Control,0,0,0,100,100,0
2/14/13,Cathead,5,Exclusion,0,0,0,100,100,0
2/14/13,Cathead,5,Control,0,0,0,100,100,0
2/14/13,Cathead,6,Exclusion,0,0,0,100,100,0
2/14/13,Cathead,6,Control,0,0,0,100,100,0
2/14/13,Cathead,7,Exclusion,0,0,0,100,100,0
2/14/13,Cathead,7,Control,0,0,0,100,100,0
2/14/13,Cathead,8,Exclusion,0,0,0,100,100,0
2/14/13,Cathead,8,Control,0,0,0,100,100,0
2/14/13,LSSI,1,Exclusion,0,0,0,100,100,0
2/14/13,LSSI,1,Control,0,0,0,100,100,0
2/14/13,LSSI,2,Exclusion,0,0,0,100,100,0
2/14/13,LSSI,2,Control,0,0,0,100,100,0
2/14/13,LSSI,3,Exclusion,0,0,0,100,100,0
2/14/13,LSSI,3,Control,0,0,0,100,100,0
2/14/13,LSSI,4,Exclusion,0,0,0,100,100,0
2/14/13,LSSI,4,Control,0,0,0,100,100,0