Site,Treatment,init.stem.d,final.stem.d,plot
Broughton,Neighbor,22,18,1
Broughton,Neighbor,21,11,2
Broughton,Neighbor,18,12,3
Broughton,No Neighbor,20,19,1
Broughton,No Neighbor,27,21,2
Broughton,No Neighbor,24,29,3
Broughton,Control,24,23,1
Broughton,Control,21,19,2
Broughton,Control,23,22,3
Cathead,Neighbor,13,3,1
Cathead,Neighbor,15,5,2
Cathead,Neighbor,17,12,3
Cathead,No Neighbor,13,14,1
Cathead,No Neighbor,14,15,2
Cathead,No Neighbor,15,14,3
Cathead,Control,12,13,1
Cathead,Control,14,12,2
Cathead,Control,15,14,3
LSSI,Neighbor,14,4,1
LSSI,Neighbor,16,4,2
LSSI,Neighbor,16,7,3
LSSI,No Neighbor,15,16,1
LSSI,No Neighbor,13,11,2
LSSI,No Neighbor,14,14,3
LSSI,Control,14,13,1
LSSI,Control,14,13,2
LSSI,Control,18,17,3